{
  "aug_name": "AutoSMC + IQ-Mixup (Method 1)",
  "results": {
    "-2": {
      "p": 0.8281624006815353,
      "r": 0.8286363636363636,
      "f": 0.8270123415578344
    }
  },
  "nas_best": {
    "-2": {
      "trial": 3,
      "p": 0.8279506172873355,
      "r": 0.8281818181818181,
      "f": 0.8278539682481294,
      "arch": "[(2, [64, 64], 3, 2, [2048], [15], 0.1), (2, [32, 128], 7, 2, [2048], [15], 0.1), (2, [64, 64], 3, 2, [1024], [15], 0.001), (3, [128, 32, 32], 7, 3, [2048], [15], 0.0)]"
    }
  },
  "all_history": [
    {
      "snr": -2,
      "seed": 1,
      "p": 0.8281624006815353,
      "r": 0.8286363636363636,
      "f": 0.8270123415578344
    }
  ]
}