{
  "aug_name": "AutoSMC + IQ-Mixup (Method 1)",
  "results": {
    "6": {
      "p": 0.9398334051494488,
      "r": 0.9395454545454545,
      "f": 0.9393089025129242
    }
  },
  "nas_best": {
    "6": {
      "trial": 2,
      "p": 0.9349102596097016,
      "r": 0.935,
      "f": 0.9348042343930143,
      "arch": "[(3, [32, 32, 64], 3, 3, [1024], [15], 0.1), (2, [128, 64], 5, 2, [2048], [10], 0.1), (2, [64, 32], 3, 2, [512], [10], 0.001), (2, [64, 128], 3, 2, [2048], [10], 0.001)]"
    }
  },
  "all_history": [
    {
      "snr": 6,
      "seed": 1,
      "p": 0.9398334051494488,
      "r": 0.9395454545454545,
      "f": 0.9393089025129242
    }
  ]
}