{
  "aug_name": "AutoSMC + All Methods (1+4+5 Combined)",
  "results": {
    "2": {
      "p": 0.9126306660755941,
      "r": 0.911818181818182,
      "f": 0.9109907140213349
    }
  },
  "nas_best": {
    "2": {
      "trial": 2,
      "p": 0.8773122378920366,
      "r": 0.8763636363636365,
      "f": 0.8720850218804309,
      "arch": "[(3, [32, 32, 64], 3, 3, [1024], [15], 0.1), (2, [128, 64], 5, 2, [2048], [10], 0.1), (2, [64, 32], 3, 2, [512], [10], 0.001), (2, [64, 128], 3, 2, [2048], [10], 0.001)]"
    }
  },
  "all_history": [
    {
      "snr": 2,
      "seed": 1,
      "p": 0.9126306660755941,
      "r": 0.911818181818182,
      "f": 0.9109907140213349
    }
  ]
}