{
  "aug_name": "AutoSMC + IQ-Mixup (Method 1)",
  "results": {
    "6": {
      "p": 0.9236518077406284,
      "r": 0.9227272727272726,
      "f": 0.9223979333744535
    }
  },
  "nas_best": {
    "6": {
      "trial": 2,
      "p": 0.9154598097015719,
      "r": 0.9154545454545455,
      "f": 0.9149990542181263,
      "arch": "[(3, [32, 32, 64], 3, 3, [1024], [15], 0.1), (2, [128, 64], 5, 2, [2048], [10], 0.1), (2, [64, 32], 3, 2, [512], [10], 0.001), (2, [64, 128], 3, 2, [2048], [10], 0.001)]"
    }
  },
  "all_history": [
    {
      "snr": 6,
      "seed": 1,
      "p": 0.9236518077406284,
      "r": 0.9227272727272726,
      "f": 0.9223979333744535
    }
  ]
}