{
  "aug_name": "AutoSMC + IQ-Mixup (Method 1)",
  "results": {
    "2": {
      "p": 0.9072678135218333,
      "r": 0.906818181818182,
      "f": 0.9066989120463295
    }
  },
  "nas_best": {
    "2": {
      "trial": 2,
      "p": 0.9188581089591377,
      "r": 0.9149999999999999,
      "f": 0.9134962855038407,
      "arch": "[(3, [32, 32, 64], 3, 3, [1024], [15], 0.1), (2, [128, 64], 5, 2, [2048], [10], 0.1), (2, [64, 32], 3, 2, [512], [10], 0.001), (2, [64, 128], 3, 2, [2048], [10], 0.001)]"
    }
  },
  "all_history": [
    {
      "snr": 2,
      "seed": 1,
      "p": 0.9072678135218333,
      "r": 0.906818181818182,
      "f": 0.9066989120463295
    }
  ]
}