{
  "aug_name": "AutoSMC + All Methods (1+4+5 Combined)",
  "results": {
    "6": {
      "p": 0.9357701528245536,
      "r": 0.9359090909090909,
      "f": 0.9356093796483552
    }
  },
  "nas_best": {
    "6": {
      "trial": 2,
      "p": 0.9052026380122885,
      "r": 0.9059090909090909,
      "f": 0.9054505157124804,
      "arch": "[(3, [32, 32, 64], 3, 3, [1024], [15], 0.1), (2, [128, 64], 5, 2, [2048], [10], 0.1), (2, [64, 32], 3, 2, [512], [10], 0.001), (2, [64, 128], 3, 2, [2048], [10], 0.001)]"
    }
  },
  "all_history": [
    {
      "snr": 6,
      "seed": 1,
      "p": 0.9357701528245536,
      "r": 0.9359090909090909,
      "f": 0.9356093796483552
    }
  ]
}