{
  "aug_name": "AutoSMC + IQ-Mixup (Method 1)",
  "results": {
    "-6": {
      "p": 0.6678982157974191,
      "r": 0.6463636363636364,
      "f": 0.6503822150572625
    }
  },
  "nas_best": {
    "-6": {
      "trial": 3,
      "p": 0.6689006429351709,
      "r": 0.6586363636363637,
      "f": 0.658472301769065,
      "arch": "[(2, [64, 64], 3, 2, [2048], [15], 0.1), (2, [32, 128], 7, 2, [2048], [15], 0.1), (2, [64, 64], 3, 2, [1024], [15], 0.001), (3, [128, 32, 32], 7, 3, [2048], [15], 0.0)]"
    }
  },
  "all_history": [
    {
      "snr": -6,
      "seed": 1,
      "p": 0.6678982157974191,
      "r": 0.6463636363636364,
      "f": 0.6503822150572625
    }
  ]
}