{
  "aug_name": "AutoSMC + IQ-Mixup (Method 1) [Fixed]",
  "results": {
    "6": {
      "p": 0.7067902635990174,
      "r": 0.7677272727272727,
      "f": 0.722034239691606
    }
  },
  "nas_best": {
    "6": {
      "trial": 3,
      "p": 0.7130455067102033,
      "r": 0.7727272727272727,
      "f": 0.7267649396339148,
      "arch": "[(2, [64, 64], 3, 2, [2048], [15], 0.1), (2, [32, 128], 7, 2, [2048], [15], 0.1), (2, [64, 64], 3, 2, [1024], [15], 0.001), (3, [128, 32, 32], 7, 3, [2048], [15], 0.0)]"
    }
  },
  "all_history": [
    {
      "snr": 6,
      "seed": 1,
      "p": 0.7067902635990174,
      "r": 0.7677272727272727,
      "f": 0.722034239691606
    }
  ]
}