{
  "aug_name": "AutoSMC + IQ-Mixup (Method 1)",
  "results": {
    "-2": {
      "p": 0.8288076589601044,
      "r": 0.8277272727272728,
      "f": 0.8252947812164286
    }
  },
  "nas_best": {
    "-2": {
      "trial": 3,
      "p": 0.8473649944310822,
      "r": 0.8468181818181819,
      "f": 0.8433688331549387,
      "arch": "[(2, [64, 64], 3, 2, [2048], [15], 0.1), (2, [32, 128], 7, 2, [2048], [15], 0.1), (2, [64, 64], 3, 2, [1024], [15], 0.001), (3, [128, 32, 32], 7, 3, [2048], [15], 0.0)]"
    }
  },
  "all_history": [
    {
      "snr": -2,
      "seed": 1,
      "p": 0.8288076589601044,
      "r": 0.8277272727272728,
      "f": 0.8252947812164286
    }
  ]
}