{
  "aug_name": "AutoSMC + Freq-Domain Aug (Method 5)",
  "results": {
    "6": {
      "p": 0.9213801087583076,
      "r": 0.9199999999999999,
      "f": 0.9191783333915474
    }
  },
  "nas_best": {
    "6": {
      "trial": 2,
      "p": 0.9360023569392232,
      "r": 0.9354545454545455,
      "f": 0.9350997876739428,
      "arch": "[(3, [32, 32, 64], 3, 3, [1024], [15], 0.1), (2, [128, 64], 5, 2, [2048], [10], 0.1), (2, [64, 32], 3, 2, [512], [10], 0.001), (2, [64, 128], 3, 2, [2048], [10], 0.001)]"
    }
  },
  "all_history": [
    {
      "snr": 6,
      "seed": 1,
      "p": 0.9213801087583076,
      "r": 0.9199999999999999,
      "f": 0.9191783333915474
    }
  ]
}