{
  "aug_name": "AutoSMC + IQ-Mixup (Method 1)",
  "results": {
    "6": {
      "p": 0.934627922857582,
      "r": 0.9340909090909091,
      "f": 0.933671598068252
    }
  },
  "nas_best": {
    "6": {
      "trial": 2,
      "p": 0.9281824796002506,
      "r": 0.9277272727272728,
      "f": 0.9271740837499092,
      "arch": "[(3, [32, 32, 64], 3, 3, [1024], [15], 0.1), (2, [128, 64], 5, 2, [2048], [10], 0.1), (2, [64, 32], 3, 2, [512], [10], 0.001), (2, [64, 128], 3, 2, [2048], [10], 0.001)]"
    }
  },
  "all_history": [
    {
      "snr": 6,
      "seed": 1,
      "p": 0.934627922857582,
      "r": 0.9340909090909091,
      "f": 0.933671598068252
    }
  ]
}