{
  "aug_name": "AutoSMC + IQ-Mixup (Method 1)",
  "results": {
    "-6": {
      "p": 0.6188913778636133,
      "r": 0.6154545454545454,
      "f": 0.6162052555942671
    }
  },
  "nas_best": {
    "-6": {
      "trial": 4,
      "p": 0.6180715193583642,
      "r": 0.615,
      "f": 0.6151677334520885,
      "arch": "[(2, [32, 64], 5, 2, [512], [10], 0.1), (2, [128, 64], 5, 2, [2048], [10], 0.1), (2, [128, 32], 3, 2, [512], [10], 0.0), (2, [64, 64], 5, 2, [2048], [10], 0.1)]"
    }
  },
  "all_history": [
    {
      "snr": -6,
      "seed": 1,
      "p": 0.6188913778636133,
      "r": 0.6154545454545454,
      "f": 0.6162052555942671
    }
  ]
}